{
  "training_duration": "00:01:59",
  "training_start_epoch": 0,
  "training_epochs": 2,
  "training_accuracy": 0.5327951685474362,
  "training_accuracy3": 0.6917422583672193,
  "training_loss": 1.9460747241973877,
  "validation_accuracy": 0.616208104052026,
  "validation_accuracy3": 0.7642821410705353,
  "validation_loss": 1.5588306188583374,
  "best_validation_loss": 1.5588306188583374,
  "best_epoch": 1
}